Sample,ZFC ID,Target,Well,Data Set,Content,Type,Cq,Starting Quantity (SQ),Control,cDNA,fn,sample excluded,SQ,Absolute Quantity,Absolute Quantity SD,Mean Cq,Cq SD,Efficiency,Relative Quantity,Relative Quantity SD,Normalization Factor,Normalization Factor SD,Expression,Expression SD,Dose
96189_10,96189,ATP,A09,Cy5,Unkn-05,Unk,24.1018148954958,42.0065082428374,,P15,20220216_SOD1_EIFATP_P15_All Wells.csv,False,42.006508242838045,42.21983433986854,3.6575994990465905,24.098358081334727,0.1293084998436563,94.03659168891471,0.9695782413136674,0.08310795659566426,,,,,10
96189_10,96189,EIF,A09,HEX,Unkn-05,Unk,25.221368736411,39.6718688442975,,P15,20220216_SOD1_EIFATP_P15_All Wells.csv,False,39.671868844297414,41.25788476403555,2.4227397779801607,25.161469777038448,0.09034122780752599,88.43220810680386,0.9588313723402437,0.054880939654093595,,,,,10
96189_10,96189,SOD1,A09,FAM,Unkn-05,Unk,23.0303662711804,40.8874512676387,,P15,20220216_SOD1_EIFATP_P15_All Wells.csv,False,40.88745126763711,40.25119915426348,1.9707911643701759,23.05600752514505,0.07591398825860168,90.94998848889404,0.9356865996313358,0.045946242951687574,0.9641898338553585,0.049689162718311336,0.9704381510536663,0.06907891208928002,10
96189_100,96189,ATP,A05,Cy5,Unkn-03,Unk,24.1574789845742,40.4847817353486,,P15,20220216_SOD1_EIFATP_P15_All Wells.csv,False,40.48478173534772,41.06897887336814,3.012689307434838,24.138994081081975,0.11294667812160333,94.03659168891471,0.943809667071536,0.07066275308585777,,,,,100
96189_100,96189,EIF,A05,HEX,Unkn-03,Unk,25.2584918986547,38.749671996625,,P15,20220216_SOD1_EIFATP_P15_All Wells.csv,False,38.74967199662553,40.18038243300754,1.7898780647145411,25.20243401728305,0.07002178749906078,88.43220810680386,0.9342663658708816,0.04144739327491093,,,,,100
96189_100,96189,SOD1,A05,FAM,Unkn-03,Unk,23.0700078603435,39.8523502638127,,P15,20220216_SOD1_EIFATP_P15_All Wells.csv,False,39.85235026381326,40.481989131010195,1.0720766603255991,23.046175661755953,0.040605690830501306,90.94998848889404,0.9416562066935519,0.02473301514466418,0.9390258930022807,0.04086003560619085,1.0028011087988868,0.05096828013014061,100
96189_1000,96189,ATP,A01,Cy5,Unkn-01,Unk,24.0182913079628,44.3978210972026,,P15,20220216_SOD1_EIFATP_P15_All Wells.csv,False,44.39782109720289,42.260976026633806,2.000473781156082,24.09398469981475,0.07197383875413803,94.03659168891471,0.9723931386560188,0.04639265447724565,,,,,1000
96189_1000,96189,EIF,A01,HEX,Unkn-01,Unk,25.0477434668437,44.2849893322913,,P15,20220216_SOD1_EIFATP_P15_All Wells.csv,False,44.28498933229199,43.25256335861198,1.1752253341073569,25.08541907766695,0.04334212041773892,88.43220810680386,1.0061621503119196,0.027629399434078265,,,,,1000
96189_1000,96189,SOD1,A01,FAM,Unkn-01,Unk,22.8969025772286,44.5741029614034,,P15,20220216_SOD1_EIFATP_P15_All Wells.csv,False,44.574102961402666,43.05224799048101,1.133792986612479,22.951006217066425,0.04045500673615875,90.94998848889404,1.0014455454652957,0.02620579886847686,0.9891335457554236,0.027224919756285736,1.0124472572613734,0.03845079247110642,1000
96189_3,96189,ATP,A11,Cy5,Unkn-06,Unk,24.4353605521551,33.6739641922017,,P15,20220216_SOD1_EIFATP_P15_All Wells.csv,False,33.67396419220258,34.64078793857489,2.0665293876416686,24.3946172961801,0.08819504139075565,94.03659168891471,0.7966997490041773,0.046577000698688774,,,,,3
96189_3,96189,EIF,A11,HEX,Unkn-06,Unk,25.3562461349187,36.4225585734198,,P15,20220216_SOD1_EIFATP_P15_All Wells.csv,False,36.42255857342038,35.35237580733405,1.1287005824380556,25.403929274735074,0.05093938395396564,88.43220810680386,0.8222961540611426,0.026538432159522084,,,,,3
96189_3,96189,SOD1,A11,FAM,Unkn-06,Unk,23.1205797107576,38.5697934260006,,P15,20220216_SOD1_EIFATP_P15_All Wells.csv,False,38.56979342600106,37.768050674616624,0.8787915880812015,23.153369358412675,0.0360755654189604,90.94998848889404,0.8785764521230903,0.0205017291685349,0.8093967751032942,0.027025365113708316,1.0854706605557793,0.04421730689557527,3
96189_30,96189,ATP,A07,Cy5,Unkn-04,Unk,24.2815477641386,37.2884585514662,,P15,20220216_SOD1_EIFATP_P15_All Wells.csv,False,37.28845855146693,39.584003377680396,4.169307560089921,24.1977717071245,0.16023702278765065,94.03659168891471,0.9077438276674872,0.09641816056690905,,,,,30
96189_30,96189,EIF,A07,HEX,Unkn-04,Unk,25.2680250861439,38.5163323225182,,P15,20220216_SOD1_EIFATP_P15_All Wells.csv,False,38.51633232251752,40.865523500389884,3.3653397595094776,25.17860740413105,0.13030507725029322,88.43220810680386,0.9484768369032412,0.07830353737956977,,,,,30
96189_30,96189,SOD1,A07,FAM,Unkn-04,Unk,23.0453877071969,40.4920927692815,,P15,20220216_SOD1_EIFATP_P15_All Wells.csv,False,40.49209276928197,43.29878485467905,3.798171439417365,22.946214156308827,0.1349875493876981,90.94998848889404,1.0045545453592553,0.08771321357455869,0.9278868435237667,0.06241342952022788,1.0826261331008136,0.11932708353280988,30
96189_300,96189,ATP,A03,Cy5,Unkn-02,Unk,23.9475299816458,46.5299606089496,,P15,20220216_SOD1_EIFATP_P15_All Wells.csv,False,46.5299606089497,46.74082553962711,2.777095363205768,23.942753884455424,0.09124293617800606,94.03659168891471,1.0749264835498753,0.06501456865204006,,,,,300
96189_300,96189,EIF,A03,HEX,Unkn-02,Unk,24.9111961965477,48.2867779805626,,P15,20220216_SOD1_EIFATP_P15_All Wells.csv,False,48.28677798056422,46.97889501393918,3.0698467173996393,24.957107318589575,0.1044573116818039,88.43220810680386,1.091374031304224,0.0722280308545921,,,,,300
96189_300,96189,SOD1,A03,FAM,Unkn-02,Unk,22.8250033291308,46.6960905598069,,P15,20220216_SOD1_EIFATP_P15_All Wells.csv,False,46.69609055980692,45.54079173728934,2.653853866716131,22.865778988239974,0.09271899157812752,90.94998848889404,1.0582038597028167,0.06346522547506694,1.0831190376442938,0.048553675385855775,0.9769968239172807,0.07315387854426031,300
96190_10,96190,ATP,C09,Cy5,Unkn-17,Unk,24.1754977791784,40.0040983282986,,P15,20220216_SOD1_EIFATP_P15_All Wells.csv,False,40.004098328299506,39.11599364224032,2.812057117243759,24.212437365413123,0.11251644123963551,94.03659168891471,0.8989619325687298,0.06704863784715712,,,,,10
96190_10,96190,EIF,C09,HEX,Unkn-17,Unk,25.2004942183496,40.200031222024,,P15,20220216_SOD1_EIFATP_P15_All Wells.csv,False,40.20003122202516,39.455332126539645,2.7497026193643848,25.23294105079635,0.1116968141901753,88.43220810680386,0.9163819942872616,0.06485009971080109,,,,,10
96190_10,96190,SOD1,C09,FAM,Unkn-17,Unk,22.9831749508061,42.1547975647963,,P15,20220216_SOD1_EIFATP_P15_All Wells.csv,False,42.15479756479495,41.33123433390446,3.4273941014074802,23.017887865965747,0.13354951403065018,90.94998848889404,0.9590449671649562,0.08284743541437818,0.9076301716864988,0.04665893205895771,1.0566472965336993,0.1062188214467026,10
96190_100,96190,ATP,C05,Cy5,Unkn-15,Unk,24.1619072435632,40.3661173949346,,P15,20220216_SOD1_EIFATP_P15_All Wells.csv,False,40.36611739493559,39.213607678041896,2.042144433282824,24.20719242257615,0.08054982701338538,94.03659168891471,0.9020928377575866,0.04816688012357372,,,,,100
96190_100,96190,EIF,C05,HEX,Unkn-15,Unk,25.2432360109205,39.1260284678567,,P15,20220216_SOD1_EIFATP_P15_All Wells.csv,False,39.12602846785747,39.27955872904576,2.9171646501071504,25.240436615010275,0.12036236938923041,88.43220810680386,0.9120404585777302,0.06955016221321017,,,,,100
96190_100,96190,SOD1,C05,FAM,Unkn-15,Unk,22.930826365604,43.6066529640678,,P15,20220216_SOD1_EIFATP_P15_All Wells.csv,False,43.60665296406631,43.633178004982426,3.0608122391519217,22.932838760496622,0.11127433298290108,90.94998848889404,1.0132834150978312,0.072932939968966,0.9070530113659925,0.04221995266719429,1.1171159815365799,0.09575464970548356,100
96190_1000,96190,ATP,C01,Cy5,Unkn-13,Unk,23.8705585836144,48.9656462736169,,P15,20220216_SOD1_EIFATP_P15_All Wells.csv,False,48.96564627361703,46.764094512574566,3.5690880286434328,23.94327421734705,0.11567714714581362,94.03659168891471,1.0745557876202565,0.08239658403677624,,,,,1000
96190_1000,96190,EIF,C01,HEX,Unkn-13,Unk,25.0271390889653,44.8668877134565,,P15,20220216_SOD1_EIFATP_P15_All Wells.csv,False,44.866887713457764,43.73709593081468,2.8896628751903797,25.069999774274827,0.10499357835425073,88.43220810680386,1.016039697692785,0.06758755384432659,,,,,1000
96190_1000,96190,SOD1,C01,FAM,Unkn-13,Unk,22.8051382461949,47.2999862432595,,P15,20220216_SOD1_EIFATP_P15_All Wells.csv,False,47.29998624325906,44.31735588746926,3.513713249305353,22.909515492978276,0.12351621834530038,90.94998848889404,1.0286861632746236,0.08218729204753342,1.0448881938311476,0.05303453516813274,0.984494005528842,0.09318673842749857,1000
96190_3,96190,ATP,C11,Cy5,Unkn-18,Unk,26.1148891844701,11.060771837998,,P15,20220216_SOD1_EIFATP_P15_All Wells.csv,False,11.060771837998228,11.36233240069986,0.44592254007064563,26.075178800452676,0.059070267221649216,94.03659168891471,0.2615101329139286,0.010239768238672379,,,,,3
96190_3,96190,EIF,C11,HEX,Unkn-18,Unk,27.0422295194674,12.5159396577437,,P15,20220216_SOD1_EIFATP_P15_All Wells.csv,False,12.515939657743962,12.990775209436249,0.4959175580256347,26.984320019985375,0.06028402607242208,88.43220810680386,0.30211732203519026,0.01153908015061156,,,,,3
96190_3,96190,SOD1,C11,FAM,Unkn-18,Unk,25.0449584784075,11.1084004892569,,P15,20220216_SOD1_EIFATP_P15_All Wells.csv,False,11.10840048925685,11.557084718622248,0.45141305724848857,24.984618483132024,0.059949697957124244,90.94998848889404,0.2687482967396661,0.010421506562801048,0.28108137796912613,0.007687460058457461,0.956122738124563,0.045370305722192215,3
96190_30,96190,ATP,C07,Cy5,Unkn-16,Unk,24.0453845960703,43.6075756148179,,P15,20220216_SOD1_EIFATP_P15_All Wells.csv,False,43.60757561481825,46.82706581059351,4.773519405893048,23.94364509244305,0.15059347489270547,94.03659168891471,1.0742916465542274,0.10724104161959717,,,,,30
96190_30,96190,EIF,C07,HEX,Unkn-16,Unk,25.1389139682451,41.799444728167,,P15,20220216_SOD1_EIFATP_P15_All Wells.csv,False,41.79944472816637,45.68601663037195,4.559154507857088,25.0044045964151,0.15602721135693148,88.43220810680386,1.059155014697506,0.10470156851245258,,,,,30
96190_30,96190,SOD1,C07,FAM,Unkn-16,Unk,22.8575297637954,45.7238939025764,,P15,20220216_SOD1_EIFATP_P15_All Wells.csv,False,45.723893902576464,49.71845890177314,4.352238804855382,22.732466895859375,0.13481264995098377,90.94998848889404,1.1535045867851503,0.10058836703728916,1.0666964819926756,0.07492943910831945,1.0813803235108737,0.12108819650329689,30
96190_300,96190,ATP,C03,Cy5,Unkn-14,Unk,23.7570868412633,52.7907885064328,,P15,20220216_SOD1_EIFATP_P15_All Wells.csv,False,52.79078850643361,52.12151485331782,6.202742359786793,23.7845054742622,0.18226989503542113,94.03659168891471,1.1938118650042848,0.144239266303582,,,,,300
96190_300,96190,EIF,C03,HEX,Unkn-14,Unk,24.9467783743187,47.2103921950386,,P15,20220216_SOD1_EIFATP_P15_All Wells.csv,False,47.21039219503982,49.1667699868387,4.874735988649197,24.888536387304974,0.1570559005660751,88.43220810680386,1.1398330877212994,0.11341978813680013,,,,,300
96190_300,96190,SOD1,C03,FAM,Unkn-14,Unk,22.7599505178312,48.7029350705765,,P15,20220216_SOD1_EIFATP_P15_All Wells.csv,False,48.70293507057632,50.041981039940495,4.878695686938667,22.723604933689224,0.15228954599955907,90.94998848889404,1.1601357901698433,0.11428170298956221,1.1665102932448377,0.09129280793271022,0.9945354077783037,0.1251239439708609,300
96191_10,96191,ATP,E09,Cy5,Unkn-29,Unk,24.0340107840698,43.9375945464187,,P15,20220216_SOD1_EIFATP_P15_All Wells.csv,False,43.93759454641935,45.67852769085658,2.091633000199323,23.976556882017448,0.06821144661834888,94.03659168891471,1.051108221571363,0.04752666750976792,,,,,10
96191_10,96191,EIF,E09,HEX,Unkn-29,Unk,25.03538112393,44.6332083902087,,P15,20220216_SOD1_EIFATP_P15_All Wells.csv,False,44.63320839020865,44.418868916171746,1.3038877310680834,25.043497931756974,0.0469332012876534,88.43220810680386,1.033243768478215,0.030723896077155127,,,,,10
96191_10,96191,SOD1,E09,FAM,Unkn-29,Unk,22.7630847744832,48.6042963762967,,P15,20220216_SOD1_EIFATP_P15_All Wells.csv,False,48.604296376294926,48.142261795264844,0.7995720073944593,22.778012290932924,0.025821217796366782,90.94998848889404,1.120017297520341,0.01870678855381242,1.0421377163958847,0.028198726649343593,1.0747306041218756,0.03417456110414927,10
96191_100,96191,ATP,E05,Cy5,Unkn-27,Unk,23.9840321708048,45.4176126320508,,P15,20220216_SOD1_EIFATP_P15_All Wells.csv,False,45.41761263205105,46.77993908805426,3.4754959189188277,23.942620884069576,0.11345292113284872,94.03659168891471,1.0750212562989807,0.0808472783177856,,,,,100
96191_100,96191,EIF,E05,HEX,Unkn-27,Unk,25.0001425173549,45.6408989954496,,P15,20220216_SOD1_EIFATP_P15_All Wells.csv,False,45.64089899545107,48.052464778072554,3.454089555453733,24.92193969422615,0.113650956134043,88.43220810680386,1.1159639573119295,0.08035567924702194,,,,,100
96191_100,96191,SOD1,E05,FAM,Unkn-27,Unk,23.4296294758885,31.5812390620017,,P15,20220216_SOD1_EIFATP_P15_All Wells.csv,False,31.58123906200044,33.24660846069702,2.431757038564112,23.353220731544525,0.1113348692592511,90.94998848889404,0.7720357012663706,0.05559892234514934,1.095301317160649,0.057020518459393765,0.704861474345452,0.06263544061072893,100
96191_1000,96191,ATP,E01,Cy5,Unkn-25,Unk,24.7364902823534,27.5806135832063,,P15,20220216_SOD1_EIFATP_P15_All Wells.csv,False,27.580613583206222,27.630018135809692,1.6955073252628408,24.735863019069374,0.09068359693375809,94.03659168891471,0.6354123042749524,0.038195924700458427,,,,,1000
96191_1000,96191,EIF,E01,HEX,Unkn-25,Unk,25.1580235863258,41.2964198873533,,P15,20220216_SOD1_EIFATP_P15_All Wells.csv,False,41.296419887352954,40.8017367094007,1.6820680772808698,25.17804106261415,0.06460367873858332,88.43220810680386,0.948817226565326,0.038835877667627194,,,,,1000
96191_1000,96191,SOD1,E01,FAM,Unkn-25,Unk,25.3052816225286,9.38688821143542,,P15,20220216_SOD1_EIFATP_P15_All Wells.csv,False,9.38688821143513,9.159174779827723,0.414568216454455,25.344444350620748,0.07038775004589896,90.94998848889404,0.2129430982292971,0.009695237186891081,0.7764600055815132,0.028233663116495635,0.27424863701745705,0.01597990042488232,1000
96191_3,96191,ATP,E11,Cy5,Unkn-30,Unk,23.9011425581511,47.9829411755149,,P15,20220216_SOD1_EIFATP_P15_All Wells.csv,False,47.98294117551433,47.624826688824356,4.106691213500829,23.91682213116615,0.13405408376815914,94.03659168891471,1.0935637118380432,0.0971755056901333,,,,,3
96191_3,96191,EIF,E11,HEX,Unkn-30,Unk,25.0161825414599,45.1794245648328,,P15,20220216_SOD1_EIFATP_P15_All Wells.csv,False,45.17942456483405,45.64240321901762,3.3001059942175752,25.003171142280202,0.11376147333839733,88.43220810680386,1.059983043708665,0.07639895892473134,,,,,3
96191_3,96191,SOD1,E11,FAM,Unkn-30,Unk,22.8788596213083,45.0973717867733,,P15,20220216_SOD1_EIFATP_P15_All Wells.csv,False,45.09737178677181,44.80770222690628,3.95804331084137,22.893566518433,0.1415297990255092,90.94998848889404,1.0393534892264085,0.09515003554438256,1.076642462363172,0.06159305571356396,0.9653655002098688,0.10421352470331552,3
96191_30,96191,ATP,E07,Cy5,Unkn-28,Unk,23.8831931944649,48.5572623365977,,P15,20220216_SOD1_EIFATP_P15_All Wells.csv,False,48.55726233659858,49.8642599992324,2.499637756055526,23.84455519016805,0.07599160584699312,94.03659168891471,1.1472248886022598,0.05778922264388049,,,,,30
96191_30,96191,EIF,E07,HEX,Unkn-28,Unk,24.9176172381636,48.0907383232447,,P15,20220216_SOD1_EIFATP_P15_All Wells.csv,False,48.090738323245496,48.45479171604329,1.3356428083957195,24.906156185892975,0.04297136358188067,88.43220810680386,1.1271795000055536,0.03068778418434206,,,,,30
96191_30,96191,SOD1,E07,FAM,Unkn-28,Unk,22.9513620326451,43.0312420286717,,P15,20220216_SOD1_EIFATP_P15_All Wells.csv,False,43.031242028670945,42.46433255093034,2.4713361944837495,22.973797285848427,0.08890596711543622,90.94998848889404,0.9867903194424877,0.056748394272044395,1.137158026102187,0.03255660234958214,0.8677688560356809,0.05574590546493949,30
96191_300,96191,ATP,E03,Cy5,Unkn-26,Unk,23.959705096517,46.1559472685595,,P15,20220216_SOD1_EIFATP_P15_All Wells.csv,False,46.155947268559345,48.53335256237759,4.287193803748391,23.888377025884925,0.1338474953288956,94.03659168891471,1.114379131919485,0.09887258520252806,,,,,300
96191_300,96191,EIF,E03,HEX,Unkn-26,Unk,24.7830124849191,52.3719366758267,,P15,20220216_SOD1_EIFATP_P15_All Wells.csv,False,52.37193667582669,53.82909588619219,3.4789555047844716,24.74218387821845,0.10245731240308463,88.43220810680386,1.2505783459646733,0.0811796507508754,,,,,300
96191_300,96191,SOD1,E03,FAM,Unkn-26,Unk,24.2325659493459,18.7874805024862,,P15,20220216_SOD1_EIFATP_P15_All Wells.csv,False,18.78748050248566,19.39824457371788,1.0605630803810033,24.184847651489775,0.08478786543902461,90.94998848889404,0.4508344054174306,0.024725696848830903,1.1805161631987162,0.06489028022529005,0.38189600402916435,0.029653793626418443,300
96421_10,96421,ATP,G09,Cy5,Unkn-41,Unk,23.6472465593895,56.7779056449993,,P15,20220216_SOD1_EIFATP_P15_All Wells.csv,False,56.77790564499874,60.684261762529836,3.847480848796629,23.549149741864902,0.09580932813508099,94.03659168891471,1.3953750563085692,0.0886199335729125,,,,,10
96421_10,96421,EIF,G09,HEX,Unkn-41,Unk,24.7217102759691,54.4460342235544,,P15,20220216_SOD1_EIFATP_P15_All Wells.csv,False,54.44603422355341,57.68325870427916,2.7513636554828294,24.631904864148225,0.07567719562023913,88.43220810680386,1.3410801729166693,0.06430031289572968,,,,,10
96421_10,96421,SOD1,G09,FAM,Unkn-41,Unk,22.5396039929179,56.1635822473466,,P15,20220216_SOD1_EIFATP_P15_All Wells.csv,False,56.16358224734784,57.204606909069085,0.9720439325277561,22.511377694248452,0.02621085948769487,90.94998848889404,1.330845449400242,0.02256351067090432,1.3679582675644397,0.054428460059624456,0.9728699193212417,0.04207637201844446,10
96421_100,96421,ATP,G05,Cy5,Unkn-39,Unk,24.0926098752,42.2636068147857,,P15,20220216_SOD1_EIFATP_P15_All Wells.csv,False,42.26360681478593,40.189255070749994,1.558728882375792,24.169372665474725,0.05800089809729791,94.03659168891471,0.9249940176257909,0.03556364877193958,,,,,100
96421_100,96421,EIF,G05,HEX,Unkn-39,Unk,25.0742608778617,43.5471906320002,,P15,20220216_SOD1_EIFATP_P15_All Wells.csv,False,43.5471906320008,41.47150020195085,1.7663351219327774,25.152418837768927,0.06717963286521926,88.43220810680386,0.9643454769637276,0.0410453145755773,,,,,100
96421_100,96421,SOD1,G05,FAM,Unkn-39,Unk,22.7609529944069,48.671364214775,,P15,20220216_SOD1_EIFATP_P15_All Wells.csv,False,48.671364214775046,45.63577961500056,2.212050044244507,22.86185363802915,0.07409695527338085,90.94998848889404,1.0608941367601774,0.050847569480571585,0.9444648204755633,0.02708574431933025,1.1232754399745548,0.0627391077293498,100
96421_1000,96421,ATP,G01,Cy5,Unkn-37,Unk,24.0159344667638,44.4672377934674,,P15,20220216_SOD1_EIFATP_P15_All Wells.csv,False,44.46723779346752,45.633164601108334,1.3016047860491486,23.9773476604651,0.042889056275761804,94.03659168891471,1.0505573871053917,0.02986750474068549,,,,,1000
96421_1000,96421,EIF,G01,HEX,Unkn-37,Unk,24.984638632484,46.091428017225,,P15,20220216_SOD1_EIFATP_P15_All Wells.csv,False,46.091428017226484,47.52281927460596,1.9632639824208278,24.937357716905424,0.06423303821245932,88.43220810680386,1.1051158814008553,0.04497380154900668,,,,,1000
96421_1000,96421,SOD1,G01,FAM,Unkn-37,Unk,22.8731211394925,45.2650792169814,,P15,20220216_SOD1_EIFATP_P15_All Wells.csv,False,45.26507921697968,46.37866940282814,1.7227770727709286,22.836330078212,0.0564540688068447,90.94998848889404,1.0785545576129099,0.03938539025762516,1.0774913701803623,0.026745010897994963,1.0009867247775446,0.04419770972204941,1000
96421_3,96421,ATP,G11,Cy5,Unkn-42,Unk,23.7926194084246,51.5618990409703,,P15,20220216_SOD1_EIFATP_P15_All Wells.csv,False,51.5618990409713,49.66005265324588,4.8456657308792614,23.85485765791065,0.1504139137678901,94.03659168891471,1.1394168782241612,0.11360653925877964,,,,,3
96421_3,96421,EIF,G11,HEX,Unkn-42,Unk,24.8276717790352,50.9108560804713,,P15,20220216_SOD1_EIFATP_P15_All Wells.csv,False,50.91085608047264,48.756997594251956,3.134569070895919,24.898444240334875,0.104483275131975,88.43220810680386,1.1327004240714484,0.07498167799664081,,,,,3
96421_3,96421,SOD1,G11,FAM,Unkn-42,Unk,22.6268459426794,53.0819444938396,,P15,20220216_SOD1_EIFATP_P15_All Wells.csv,False,53.081944493839345,50.34588908149271,3.7186630317684752,22.7119464191423,0.11754700226416691,90.94998848889404,1.168917688651334,0.08887779575718435,1.1360536876216165,0.06798153536012755,1.028928211217306,0.09955667962307874,3
96421_30,96421,ATP,G07,Cy5,Unkn-40,Unk,23.5606100018269,60.1340723932017,,P15,20220216_SOD1_EIFATP_P15_All Wells.csv,False,60.134072393203226,60.73639247817992,2.0708285227664347,23.546226509673776,0.05108569299573931,94.03659168891471,1.3980815547500793,0.047343947400996365,,,,,30
96421_30,96421,EIF,G07,HEX,Unkn-40,Unk,24.6102344333328,58.4304730844231,,P15,20220216_SOD1_EIFATP_P15_All Wells.csv,False,58.43047308442455,57.315721005049035,1.7934134607080894,24.641217552626525,0.049402590909540745,88.43220810680386,1.333190798913523,0.0417287473837901,,,,,30
96421_30,96421,SOD1,G07,FAM,Unkn-40,Unk,22.4338019359834,60.1418351255111,,P15,20220216_SOD1_EIFATP_P15_All Wells.csv,False,60.14183512551135,58.33393246780207,2.155291120290076,22.481791336963276,0.05777729547260293,90.94998848889404,1.3565600172335772,0.05069837134104663,1.3652506967306475,0.0314779961384804,0.9936343709489533,0.043633192725787744,30
96421_300,96421,ATP,G03,Cy5,Unkn-38,Unk,23.8134582606092,50.8545410906621,,P15,20220216_SOD1_EIFATP_P15_All Wells.csv,False,50.85454109066193,52.26865241892568,1.3395749763618596,23.77245253198425,0.03858531656299777,94.03659168891471,1.2033881643976208,0.030779422963922862,,,,,300
96421_300,96421,EIF,G03,HEX,Unkn-38,Unk,24.8859313040091,49.0659251840046,,P15,20220216_SOD1_EIFATP_P15_All Wells.csv,False,49.06592518400573,50.889937924486574,1.4986491172989191,24.828836556602774,0.046672278051281886,88.43220810680386,1.183771758997037,0.03500421063523967,,,,,300
96421_300,96421,SOD1,G03,FAM,Unkn-38,Unk,22.6802977348014,51.2780103305987,,P15,20220216_SOD1_EIFATP_P15_All Wells.csv,False,51.27801033059932,52.003995466164355,1.3937100295207088,22.658974517205674,0.04102273851711504,90.94998848889404,1.2096640612525167,0.032098682971768044,1.1935396617310994,0.02333200067535965,1.0135097307935546,0.03340377835577784,300
96422_10,96422,ATP,I09,Cy5,Unkn-53,Unk,23.7924861848928,51.5664527124318,,P15,20220216_SOD1_EIFATP_P15_All Wells.csv,False,51.5664527124308,53.26481642386629,5.7075198307256185,23.750153889010374,0.16274694174485047,94.03659168891471,1.2213078547493548,0.13175607741648745,,,,,10
96422_10,96422,EIF,I09,HEX,Unkn-53,Unk,24.8300447329198,50.8343727856882,,P15,20220216_SOD1_EIFATP_P15_All Wells.csv,False,50.834372785690064,52.05600818808763,4.444820729526841,24.7967826245991,0.13254761427594675,88.43220810680386,1.2080579812937677,0.1014502236403192,,,,,10
96422_10,96422,SOD1,I09,FAM,Unkn-53,Unk,22.5759288495932,54.8593218614631,,P15,20220216_SOD1_EIFATP_P15_All Wells.csv,False,54.85932186146243,54.660525852741785,5.408141045136237,22.58718865101515,0.1524397699723347,90.94998848889404,1.267158197663546,0.12494730948382701,1.2146648515317826,0.08303065931690783,1.0432163210004515,0.1251662932738553,10
96422_100,96422,ATP,I05,Cy5,Unkn-51,Unk,23.7807207632379,51.970192974288,,P15,20220216_SOD1_EIFATP_P15_All Wells.csv,False,51.97019297428847,48.83079417030457,3.1352831201188804,23.877113762148248,0.09880941619480542,94.03659168891471,1.1227303948639082,0.07353709738958057,,,,,100
96422_100,96422,EIF,I05,HEX,Unkn-51,Unk,24.8412208507037,50.4756945058939,,P15,20220216_SOD1_EIFATP_P15_All Wells.csv,False,50.47569450589499,49.491913110278546,2.168955917492429,24.8734420311703,0.06999515759875483,88.43220810680386,1.1507859459562946,0.051033559380691706,,,,,100
96422_100,96422,SOD1,I05,FAM,Unkn-51,Unk,22.5800953133835,54.7116727819285,,P15,20220216_SOD1_EIFATP_P15_All Wells.csv,False,54.71167278192806,53.468432584868566,1.3163616312389546,22.6159821311914,0.03807750492298534,90.94998848889404,1.2437760319585893,0.030634334700894186,1.1366716146307811,0.044954882381536866,1.094226349940654,0.050982155634727265,100
96422_1000,96422,ATP,I01,Cy5,Unkn-49,Unk,23.7637021078968,52.5598021613794,,P15,20220216_SOD1_EIFATP_P15_All Wells.csv,False,52.559802161379565,51.54952357829132,3.4640470160720267,23.795654360637926,0.10486154028889559,94.03659168891471,1.185021715780418,0.08237116565782822,,,,,1000
96422_1000,96422,EIF,I01,HEX,Unkn-49,Unk,24.7464174814802,53.6003884730293,,P15,20220216_SOD1_EIFATP_P15_All Wells.csv,False,53.60038847303007,53.05183388530491,1.6189529987733853,24.763203216699875,0.04804241447222781,88.43220810680386,1.2340345683874614,0.03756171954699713,,,,,1000
96422_1000,96422,SOD1,I01,FAM,Unkn-49,Unk,22.6003536258942,53.9994125864,,P15,20220216_SOD1_EIFATP_P15_All Wells.csv,False,53.99941258639939,51.881844344240314,1.4496465878641103,22.662644962537726,0.04270659741709508,90.94998848889404,1.206795488449396,0.033336993893801285,1.209279852458833,0.045881599995508594,0.997945583890788,0.04683593981286302,1000
96422_3,96422,ATP,I11,Cy5,Unkn-54,Unk,23.6870649060747,55.2988778216571,,P15,20220216_SOD1_EIFATP_P15_All Wells.csv,False,55.29887782165693,50.65149369803315,3.5264985567166494,23.82218851408025,0.1036673530856674,94.03659168891471,1.1643607585202456,0.08001331069421888,,,,,3
96422_3,96422,EIF,I11,HEX,Unkn-54,Unk,24.7793365404376,52.4940510302386,,P15,20220216_SOD1_EIFATP_P15_All Wells.csv,False,52.49405103023875,49.234637382118194,2.7317743356736077,24.882324536100526,0.08717255662117189,88.43220810680386,1.144327889150377,0.06320094620900785,,,,,3
96422_3,96422,SOD1,I11,FAM,Unkn-54,Unk,22.6216531456577,53.2605420617842,,P15,20220216_SOD1_EIFATP_P15_All Wells.csv,False,53.26054206178206,49.55884616859405,3.3874259227988124,22.735725348379425,0.10564643608016464,90.94998848889404,1.151075903364163,0.07866048140558964,1.154300865895458,0.05088287235610576,0.9972061334903416,0.0810932794617186,3
96422_30,96422,ATP,I07,Cy5,Unkn-52,Unk,23.8457854340892,49.7763761116849,,P15,20220216_SOD1_EIFATP_P15_All Wells.csv,False,49.77637611168489,51.16511765736537,1.681593170689193,23.804879863641574,0.049313769040567924,94.03659168891471,1.177796983228961,0.03850093749157929,,,,,30
96422_30,96422,EIF,I07,HEX,Unkn-52,Unk,24.8615851725136,49.8286309983923,,P15,20220216_SOD1_EIFATP_P15_All Wells.csv,False,49.82863099839256,51.7463467650833,1.5101241325180876,24.802487250680375,0.04629565959195016,88.43220810680386,1.203699615429306,0.03530625977603407,,,,,30
96422_30,96422,SOD1,I07,FAM,Unkn-52,Unk,22.5630221954623,55.3192352166013,,P15,20220216_SOD1_EIFATP_P15_All Wells.csv,False,55.31923521660269,55.68730579843405,0.669748464794855,22.55285331876165,0.018501445808980478,90.94998848889404,1.2956160118090616,0.015505285276854073,1.1906778639776996,0.026146843512263616,1.0881331139228498,0.027213039891762814,30
96422_300,96422,ATP,I03,Cy5,Unkn-50,Unk,23.8030140678584,51.2078393612255,,P15,20220216_SOD1_EIFATP_P15_All Wells.csv,False,51.20783936122664,56.94024912968844,3.916892313610568,23.645733548300125,0.10715634826031875,94.03659168891471,1.3088384888352165,0.09296867320347275,,,,,300
96422_300,96422,EIF,I03,HEX,Unkn-50,Unk,24.734626912239,54.0022895338433,,P15,20220216_SOD1_EIFATP_P15_All Wells.csv,False,54.002289533842415,57.62904288434955,2.5539526868878286,24.6332221733241,0.07114734013926818,88.43220810680386,1.339961367517164,0.06040101829656015,,,,,300
96422_300,96422,SOD1,I03,FAM,Unkn-50,Unk,22.7242894562426,49.8394254489813,,P15,20220216_SOD1_EIFATP_P15_All Wells.csv,False,49.83942544898015,54.44506943220546,3.112633135316378,22.589614168777725,0.09089224794036932,90.94998848889404,1.2651716799580084,0.07438306897568323,1.3243085030908528,0.05570512932552475,0.9553451306890933,0.06906256034360951,300
96423_10,96423,ATP,K09,Cy5,Unkn-65,Unk,23.864690357808,49.1564891418013,,P15,20220216_SOD1_EIFATP_P15_All Wells.csv,False,49.15648914180141,52.2557050815317,2.4389026570511327,23.773702715565225,0.0710382145239344,94.03659168891471,1.2023913087914582,0.056620087468504145,,,,,10
96423_10,96423,EIF,K09,HEX,Unkn-65,Unk,24.9413256590736,47.3737704031022,,P15,20220216_SOD1_EIFATP_P15_All Wells.csv,False,47.37377040310122,49.7984543289006,2.092349535253098,24.863587664635375,0.06638594246478531,88.43220810680386,1.157993252947504,0.0487052154387137,,,,,10
96423_10,96423,SOD1,K09,FAM,Unkn-65,Unk,22.6241615927842,53.1741933164329,,P15,20220216_SOD1_EIFATP_P15_All Wells.csv,False,53.17419331643101,54.653873147209964,3.0034665982495286,22.583443684514325,0.08362503632975041,90.94998848889404,1.2702314815915674,0.06870953005049282,1.1799834841993457,0.03725120408230201,1.0764824242039774,0.06742061022660584,10
96423_100,96423,ATP,K05,Cy5,Unkn-63,Unk,23.8929048094782,48.2456740209025,,P15,20220216_SOD1_EIFATP_P15_All Wells.csv,False,48.24567402090205,44.734424103706544,3.108956167900308,24.009671323666822,0.10605602099761295,94.03659168891471,1.0282869569866313,0.0722906827760802,,,,,100
96423_100,96423,EIF,K05,HEX,Unkn-63,Unk,24.9303380091482,47.7047099062649,,P15,20220216_SOD1_EIFATP_P15_All Wells.csv,False,47.704709906264064,44.50472347296803,2.408759035796201,25.041646401755475,0.08473856673487776,88.43220810680386,1.034456547334245,0.05553754540635766,,,,,100
96423_100,96423,SOD1,K05,FAM,Unkn-63,Unk,22.6456233877812,52.4411093746445,,P15,20220216_SOD1_EIFATP_P15_All Wells.csv,False,52.44110937464339,49.225544621003905,2.205368314574117,22.744586354536473,0.06805089270362051,90.94998848889404,1.1444971929994885,0.05037862907497592,1.0313671388953731,0.04561611833465346,1.1096894111104618,0.06924481183469236,100
96423_1000,96423,ATP,K01,Cy5,Unkn-61,Unk,23.7198449323337,54.1102430987696,,P15,20220216_SOD1_EIFATP_P15_All Wells.csv,False,54.11024309876998,53.52931795297304,1.0067401716917432,23.736328359921124,0.02834537763805716,94.03659168891471,1.2325521223409088,0.023159021793143133,,,,,1000
96423_1000,96423,EIF,K01,HEX,Unkn-61,Unk,24.8509239109829,50.1663445150087,,P15,20220216_SOD1_EIFATP_P15_All Wells.csv,False,50.16634451501002,51.69218232775711,2.2706517640100112,24.8047639834912,0.06883833966421757,88.43220810680386,1.2019645721478032,0.05242221514151866,,,,,1000
96423_1000,96423,SOD1,K01,FAM,Unkn-61,Unk,22.6759081974665,51.4238126386033,,P15,20220216_SOD1_EIFATP_P15_All Wells.csv,False,51.42381263860228,50.57828509936267,2.752929063540324,22.703266914498926,0.08453635964282553,90.94998848889404,1.1754987562085126,0.06427816979271515,1.217162267070154,0.028900917524936946,0.9657699618293868,0.057573828148484836,1000
96423_3,96423,ATP,K11,Cy5,Unkn-66,Unk,23.9189382729408,47.4202424356856,,P15,20220216_SOD1_EIFATP_P15_All Wells.csv,False,47.42024243568651,54.49363578215145,8.30416632736305,23.72241270156895,0.23080627372522117,94.03659168891471,1.243974231508862,0.19032317056639939,,,,,3
96423_3,96423,EIF,K11,HEX,Unkn-66,Unk,25.0555114756393,44.0675734320437,,P15,20220216_SOD1_EIFATP_P15_All Wells.csv,False,44.067573432045315,51.46464698663258,6.946106662417297,24.8214768953615,0.21443775866746212,88.43220810680386,1.1893043941491872,0.1615799975753271,,,,,3
96423_3,96423,SOD1,K11,FAM,Unkn-66,Unk,22.8991958205627,44.508032328121,,P15,20220216_SOD1_EIFATP_P15_All Wells.csv,False,44.50803232812161,52.43138500019772,7.309814805513805,22.657319880027124,0.21749645196204576,90.94998848889404,1.210959443001251,0.17036467980660858,1.2163321995827652,0.12443796145885377,0.9955828213843576,0.17318266689159575,3
96423_30,96423,ATP,K07,Cy5,Unkn-64,Unk,23.8136328992434,50.8486543134718,,P15,20220216_SOD1_EIFATP_P15_All Wells.csv,False,50.848654313470945,49.469557266902534,2.8117983311766386,23.856957749672574,0.08634890257066191,94.03659168891471,1.1378317976849834,0.06512797258535818,,,,,30
96423_30,96423,EIF,K07,HEX,Unkn-64,Unk,24.7647408270557,52.9817348200759,,P15,20220216_SOD1_EIFATP_P15_All Wells.csv,False,52.98173482007723,49.99655269709007,3.7729485408682315,24.859798882428024,0.12313581054808535,88.43220810680386,1.1607762986637813,0.09055787435992353,,,,,30
96423_30,96423,SOD1,K07,FAM,Unkn-64,Unk,22.512661597402,57.1509492610748,,P15,20220216_SOD1_EIFATP_P15_All Wells.csv,False,57.15094926107553,54.31067349188587,4.896124290927534,22.596486176859425,0.1460852704840672,90.94998848889404,1.2595603471612509,0.1190208905536875,1.1492467892575255,0.05560084304968988,1.0959877016275972,0.11634911472593036,30
96423_300,96423,ATP,K03,Cy5,Unkn-62,Unk,23.6413788470723,56.9991772749328,,P15,20220216_SOD1_EIFATP_P15_All Wells.csv,False,56.99917727493073,52.943304035162264,3.515013423201243,23.7548996925769,0.09839110343794473,94.03659168891471,1.2174718014010073,0.07940491997231201,,,,,300
96423_300,96423,EIF,K03,HEX,Unkn-62,Unk,24.6372147971468,57.4401568162005,,P15,20220216_SOD1_EIFATP_P15_All Wells.csv,False,57.440156816200954,53.109801851613945,3.9728234842180465,24.763837071162133,0.11694440561979098,88.43220810680386,1.233539091967594,0.09139568299181317,,,,,300
96423_300,96423,SOD1,K03,FAM,Unkn-62,Unk,22.603974713617,53.8730794291364,,P15,20220216_SOD1_EIFATP_P15_All Wells.csv,False,53.87307942913709,49.68550349529241,3.6265575874030644,22.731746600770435,0.11065406150725218,90.94998848889404,1.1540421490096948,0.08260128746128607,1.2254791146308244,0.06048288954572081,0.9417069089401414,0.08187401074459262,300
96424_10,96424,ATP,M09,Cy5,Unkn-77,Unk,24.0183080463945,44.3973284832799,,P15,20220216_SOD1_EIFATP_P15_All Wells.csv,False,44.39732848328014,44.434829941919695,0.4325795222811784,24.0170878943472,0.014677458902985116,94.03659168891471,1.023244026055922,0.009955492764074592,,,,,10
96424_10,96424,EIF,M09,HEX,Unkn-77,Unk,25.0578261852189,44.0029945463235,,P15,20220216_SOD1_EIFATP_P15_All Wells.csv,False,44.00299454632288,45.169557691683394,1.5405258637863146,25.01720803585645,0.05337717381317595,88.43220810680386,1.0505980602979872,0.03552920455646064,,,,,10
96424_10,96424,SOD1,M09,FAM,Unkn-77,Unk,22.8622078909891,45.5857422458614,,P15,20220216_SOD1_EIFATP_P15_All Wells.csv,False,45.585742245859926,45.3296112656017,0.7313612165581481,22.8710693695072,0.024913377342518406,90.94998848889404,1.0545888353641497,0.01699470231609449,1.036830839137154,0.018242937409572113,1.017127187537915,0.02426810720371312,10
96424_100,96424,ATP,M05,Cy5,Unkn-75,Unk,24.3901549796084,34.6982994256212,,P15,20220216_SOD1_EIFATP_P15_All Wells.csv,False,34.69829942562193,36.04999947806725,1.8087727363846613,24.333893100379576,0.07432912341941583,94.03659168891471,0.8294232071805849,0.04086653949760742,,,,,100
96424_100,96424,EIF,M05,HEX,Unkn-75,Unk,25.347456199777,36.6259624822743,,P15,20220216_SOD1_EIFATP_P15_All Wells.csv,False,36.62596248227459,37.4698847498534,0.933313813246232,25.311864186457875,0.03900550461481091,88.43220810680386,0.8716867429098039,0.02154168427199942,,,,,100
96424_100,96424,SOD1,M05,FAM,Unkn-75,Unk,23.1440073657459,37.9897140426753,,P15,20220216_SOD1_EIFATP_P15_All Wells.csv,False,37.98971404267576,38.881582866130564,2.9778007720148456,23.111404153898775,0.1150092933868407,90.94998848889404,0.902751895511592,0.06715821286425488,0.8502924284980123,0.023434580828144334,1.0616957945941563,0.0842284930033794,100
96424_1000,96424,ATP,M01,Cy5,Unkn-73,Unk,23.7089608536173,54.5020494262419,,P15,20220216_SOD1_EIFATP_P15_All Wells.csv,False,54.50204942624261,52.91572359531697,2.075353686276676,23.754391178380175,0.05917074388151143,94.03659168891471,1.2178822585855487,0.04776887389560662,,,,,1000
96424_1000,96424,EIF,M01,HEX,Unkn-73,Unk,24.8512258831076,50.156747612532,,P15,20220216_SOD1_EIFATP_P15_All Wells.csv,False,50.1567476125313,47.679678072029304,2.337847328389482,24.932599881020174,0.07781735975015011,88.43220810680386,1.1084521831883554,0.0546495725313664,,,,,1000
96424_1000,96424,SOD1,M01,FAM,Unkn-73,Unk,22.7145601953742,50.1540683580365,,P15,20220216_SOD1_EIFATP_P15_All Wells.csv,False,50.15406835803657,46.28998694671611,3.2949742540705875,22.8414453210533,0.11007077133389684,90.94998848889404,1.0749917869037855,0.07653761809970923,1.1618796187193907,0.03660004737913878,0.9252178707537947,0.07203341032652863,1000
96424_3,96424,ATP,M11,Cy5,Unkn-78,Unk,24.0624624345482,43.1166998190724,,P15,20220216_SOD1_EIFATP_P15_All Wells.csv,False,43.11669981907258,44.074855379678496,1.3868580279512939,24.029861165797424,0.0471950710099248,94.03659168891471,1.014616689923589,0.03174178283453616,,,,,3
96424_3,96424,EIF,M11,HEX,Unkn-78,Unk,25.089158577148,43.138095149642,,P15,20220216_SOD1_EIFATP_P15_All Wells.csv,False,43.138095149642595,45.35626748821228,2.5190100154991906,25.011801005532426,0.08617151345888108,88.43220810680386,1.054203288941093,0.057554780505073316,,,,,3
96424_3,96424,SOD1,M11,FAM,Unkn-78,Unk,23.0057946327757,41.5425063805531,,P15,20220216_SOD1_EIFATP_P15_All Wells.csv,False,41.54250638055215,44.82379608664597,2.893515353772308,22.890697829349126,0.10026944999109058,90.94998848889404,1.041283890269438,0.06753603637109953,1.0342206009995996,0.0325384915403178,1.006829577038991,0.07257882107313106,3
96424_30,96424,ATP,M07,Cy5,Unkn-76,Unk,23.8602987791949,49.2997958347074,,P15,20220216_SOD1_EIFATP_P15_All Wells.csv,False,49.299795834708014,46.83282902875475,2.641274393845549,23.9395736437105,0.0862104823776388,94.03659168891471,1.077194933912555,0.06155836091726921,,,,,30
96424_30,96424,EIF,M07,HEX,Unkn-76,Unk,24.8421154073683,50.4470948763121,,P15,20220216_SOD1_EIFATP_P15_All Wells.csv,False,50.4470948763136,48.19730174530399,2.54848720312963,24.91580571862005,0.08448455845020898,88.43220810680386,1.1203093566919797,0.05996648822583512,,,,,30
96424_30,96424,SOD1,M07,FAM,Unkn-76,Unk,22.658661092796,52.0007159551595,,P15,20220216_SOD1_EIFATP_P15_All Wells.csv,False,52.0007159551583,47.67710014317415,4.832508649955011,22.798968789276998,0.15966278965731887,90.94998848889404,1.1049373089269645,0.11411405487483313,1.0985406517027188,0.04300782881710417,1.0058228680152446,0.11109109671459316,30
96424_300,96424,ATP,M03,Cy5,Unkn-74,Unk,24.0383073988985,43.8126328091512,,P15,20220216_SOD1_EIFATP_P15_All Wells.csv,False,43.81263280915135,46.02422225371986,1.6559970968591784,23.96475638182895,0.054691727679810405,94.03659168891471,1.0593625208682402,0.03840598579050886,,,,,300
96424_300,96424,EIF,M03,HEX,Unkn-74,Unk,25.0301088247776,44.7825486895217,,P15,20220216_SOD1_EIFATP_P15_All Wells.csv,False,44.78254868952223,46.264572751004984,1.0593141262218944,24.979034095871175,0.03642243436739945,88.43220810680386,1.0763173729811544,0.024837199987783522,,,,,300
96424_300,96424,SOD1,M03,FAM,Unkn-74,Unk,22.9742351592234,42.3992691987651,,P15,20220216_SOD1_EIFATP_P15_All Wells.csv,False,42.39926919876414,43.82664389364608,1.1052833050582127,22.92341711839415,0.03912340760451665,90.94998848889404,1.019477531434456,0.025799549318600044,1.0678062958681211,0.02294447645795661,0.9547401390863929,0.03169590813969555,300
96425_10,96425,ATP,O09,Cy5,Unkn-83,Unk,24.0584628339125,43.2311642749653,,P15,20220216_SOD1_EIFATP_P15_All Wells.csv,False,43.23116427496428,42.69297664222141,2.6844551169378033,24.079679901176625,0.09745398024216059,94.03659168891471,0.9816575320998191,0.06341503767478955,,,,,10
96425_10,96425,EIF,O09,HEX,Unkn-83,Unk,25.1063569680716,42.6705989006742,,P15,20220216_SOD1_EIFATP_P15_All Wells.csv,False,42.67059890067571,42.511817838676635,1.4770719615826338,25.1129681434876,0.05555569743686778,88.43220810680386,0.9887527606238308,0.034802434727382515,,,,,10
96425_10,96425,SOD1,O09,FAM,Unkn-83,Unk,22.9620169788834,42.7356877856787,,P15,20220216_SOD1_EIFATP_P15_All Wells.csv,False,42.735687785678174,40.613961745331,1.4615692604771244,23.04147874362645,0.054863471994649575,90.94998848889404,0.9445214601513926,0.03351914286228292,0.9851987590587358,0.03623896824788499,0.9587115812587843,0.04900146114047206,10
96425_100,96425,ATP,O05,Cy5,Unkn-81,Unk,24.2582181214495,37.869594347058,,P15,20220216_SOD1_EIFATP_P15_All Wells.csv,False,37.86959434705825,39.35242701460835,2.0454571525845937,24.201764140220448,0.07689328076923115,94.03659168891471,0.9053446684493474,0.046146100729106604,,,,,100
96425_100,96425,EIF,O05,HEX,Unkn-81,Unk,25.1759749981062,40.8293982997961,,P15,20220216_SOD1_EIFATP_P15_All Wells.csv,False,40.82939829979718,40.43958104435849,1.4379421708191495,25.1918583212748,0.05574029129560199,88.43220810680386,0.9405473656561321,0.03321568550751432,,,,,100
96425_100,96425,SOD1,O05,FAM,Unkn-81,Unk,23.113924811543,38.7361812964257,,P15,20220216_SOD1_EIFATP_P15_All Wells.csv,False,38.736181296424874,38.13619509309123,1.3092060757376398,23.13875310300255,0.05377076460977499,90.94998848889404,0.8869222542373549,0.030848180314505022,0.9227781656069123,0.028610536495185697,0.9611435199640047,0.0447837733488872,100
96425_1000,96425,ATP,O01,Cy5,Unkn-79,Unk,24.0076410454666,44.7123702784271,,P15,20220216_SOD1_EIFATP_P15_All Wells.csv,False,44.71237027842755,44.73541620530935,1.2995835982425663,24.007335009719775,0.043403915446940416,94.03659168891471,1.0298806862081245,0.02963114902472248,,,,,1000
96425_1000,96425,EIF,O01,HEX,Unkn-79,Unk,25.1174829664246,42.3708681815894,,P15,20220216_SOD1_EIFATP_P15_All Wells.csv,False,42.37086818158846,43.215388532530625,1.9637677926238908,25.087564807798877,0.07214180606211434,88.43220810680386,1.0047952362237211,0.04592592291647129,,,,,1000
96425_1000,96425,SOD1,O01,FAM,Unkn-79,Unk,23.0673999465262,39.9196341889838,,P15,20220216_SOD1_EIFATP_P15_All Wells.csv,False,39.9196341889846,39.92245008642352,0.8891644989791364,23.067577664844325,0.034359477670379245,90.94998848889404,0.9287100181173316,0.020640702296098375,1.017260638863384,0.02747028737983396,0.9129518853250896,0.03192959784069797,1000
96425_3,96425,ATP,O11,Cy5,Unkn-84,Unk,24.1514649359372,40.6464993657507,,P15,20220216_SOD1_EIFATP_P15_All Wells.csv,False,40.64649936575158,41.98988544028262,2.7751796418987067,24.104851009254077,0.09873483341238888,94.03659168891471,0.9654141346643657,0.06318539735860189,,,,,3
96425_3,96425,EIF,O11,HEX,Unkn-84,Unk,25.0534649240654,44.1247498225035,,P15,20220216_SOD1_EIFATP_P15_All Wells.csv,False,44.12474982250497,44.267263064920826,2.670365223750066,25.0504919851283,0.09398041012210699,88.43220810680386,1.0286753783776643,0.06125040933689813,,,,,3
96425_3,96425,SOD1,O11,FAM,Unkn-84,Unk,22.9909738904736,41.9426757284675,,P15,20220216_SOD1_EIFATP_P15_All Wells.csv,False,41.94267572846795,42.038747425519944,1.7280791574119512,22.988404424884727,0.06296608153915395,90.94998848889404,0.97751053839569,0.03981309151026913,0.9965428993610921,0.04408770570378036,0.980901613992128,0.058985488753101306,3
96425_30,96425,ATP,O07,Cy5,Unkn-82,Unk,24.3052432983723,36.7073365855819,,P15,20220216_SOD1_EIFATP_P15_All Wells.csv,False,36.70733658558169,37.3806315583266,2.9161823167118777,24.281124620353975,0.11402458841683677,94.03659168891471,0.8589489728645346,0.06492299528117638,,,,,30
96425_30,96425,EIF,O07,HEX,Unkn-82,Unk,25.2307215991538,39.4374813554025,,P15,20220216_SOD1_EIFATP_P15_All Wells.csv,False,39.4374813554035,40.61707014337492,2.4388127705630227,25.18626420926385,0.0922808647279254,88.43220810680386,0.9438868160418933,0.05518548834169847,,,,,30
96425_30,96425,SOD1,O07,FAM,Unkn-82,Unk,23.0443092388631,40.5203498243353,,P15,20220216_SOD1_EIFATP_P15_All Wells.csv,False,40.520349824335064,40.46800885307215,1.8161324721215217,23.04749424022815,0.07023234339236156,90.94998848889404,0.940853400070622,0.04274220320320724,0.9004169096255136,0.04302088373636138,1.044908630671903,0.06888975133339828,30
96425_300,96425,ATP,O03,Cy5,Unkn-80,Unk,24.0217561820705,44.2959659122135,,P15,20220216_SOD1_EIFATP_P15_All Wells.csv,False,44.295965912214136,48.042844631588636,5.218114120818075,23.9058496264464,0.16227268554536564,94.03659168891471,1.1015466524159767,0.11848980611083043,,,,,300
96425_300,96425,EIF,O03,HEX,Unkn-80,Unk,25.0309753202968,44.7579705368487,,P15,20220216_SOD1_EIFATP_P15_All Wells.csv,False,44.75797053684865,47.40281991484966,3.8755725813355166,24.944288397967025,0.12839449217405213,88.43220810680386,1.1002738913682788,0.08950360252495924,,,,,300
96425_300,96425,SOD1,O03,FAM,Unkn-80,Unk,23.0198649457738,41.166132544358,,P15,20220216_SOD1_EIFATP_P15_All Wells.csv,False,41.166132544356465,43.08902383680636,2.6748780074218894,22.9515190305106,0.09587931107595267,90.94998848889404,1.0011134121043264,0.062087757058234216,1.1009100879624218,0.07423572876556817,0.9093507481225824,0.08331008537808117,300
96426_10,96426,ATP,A21,Cy5,Unkn-11,Unk,24.1201228937211,41.4998005554871,,P15,20220216_SOD1_EIFATP_P15_All Wells.csv,False,41.499800555485756,40.15047476443479,2.4226842528013135,24.172066893215025,0.09166441054599583,94.03659168891471,0.9233435076892565,0.056104373888955485,,,,,10
96426_10,96426,EIF,A21,HEX,Unkn-11,Unk,25.1231630616567,42.2186610242193,,P15,20220216_SOD1_EIFATP_P15_All Wells.csv,False,42.21866102421959,40.64021438772095,1.7179956328241253,25.184364088569076,0.0667663768715212,88.43220810680386,0.9450238039939475,0.03997549701829573,,,,,10
96426_10,96426,SOD1,A21,FAM,Unkn-11,Unk,22.9958517438916,41.8105468640513,,P15,20220216_SOD1_EIFATP_P15_All Wells.csv,False,41.81054686405219,39.45760982666226,2.4623720410986,23.08767021585075,0.09695970313612175,90.94998848889404,0.9167179563456939,0.05749430147552154,0.9341207598750902,0.034579575971169826,0.9813698567926876,0.0714707236277475,10
96426_100,96426,ATP,A17,Cy5,Unkn-09,Unk,24.2522687110572,38.0192364839795,,P15,20220216_SOD1_EIFATP_P15_All Wells.csv,False,38.01923648398052,36.88768581440416,0.8435758619255015,24.298143360811274,0.03431912371487586,94.03659168891471,0.8493133444287339,0.019321320663733956,,,,,100
96426_100,96426,EIF,A17,HEX,Unkn-09,Unk,25.2998099379095,37.7484531542778,,P15,20220216_SOD1_EIFATP_P15_All Wells.csv,False,37.74845315427816,36.00851175569255,1.2478537354656587,25.3749923616107,0.054120779496615354,88.43220810680386,0.8375107676317374,0.02871757453557636,,,,,100
96426_100,96426,SOD1,A17,FAM,Unkn-09,Unk,23.0248576880008,41.0334004620044,,P15,20220216_SOD1_EIFATP_P15_All Wells.csv,False,41.03340046200316,38.69785405805858,1.6064513628758879,23.11643262520065,0.06312915392465901,90.94998848889404,0.8998203538894668,0.03674375765492491,0.8433914103501334,0.0173525701040913,1.0669071831261678,0.04878439131222991,100
96426_1000,96426,ATP,A13,Cy5,Unkn-07,Unk,24.2006638590068,39.3422853025284,,P15,20220216_SOD1_EIFATP_P15_All Wells.csv,False,39.342285302529305,38.15303448285671,2.016428605434402,24.248608268133275,0.08194790774176396,94.03659168891471,0.8776640113269305,0.04767589234987687,,,,,1000
96426_1000,96426,EIF,A13,HEX,Unkn-07,Unk,25.3783987801697,35.9149309870204,,P15,20220216_SOD1_EIFATP_P15_All Wells.csv,False,35.91493098702159,35.03073348342774,1.2924307015614476,25.41856361722995,0.05903221219060034,88.43220810680386,0.814707181427099,0.030470804267722487,,,,,1000
96426_1000,96426,SOD1,A13,FAM,Unkn-07,Unk,23.0848443144663,39.4717232706685,,P15,20220216_SOD1_EIFATP_P15_All Wells.csv,False,39.471723270667844,37.72679888642193,1.5422944967233487,23.155709698338498,0.06305389432532171,90.94998848889404,0.8772474440932655,0.03577929777851406,0.8455998893733164,0.027884412030048353,1.0374261575925743,0.0544119539270605,1000
96426_3,96426,ATP,A23,Cy5,Unkn-12,Unk,24.2491366767739,38.098252199484,,P15,20220216_SOD1_EIFATP_P15_All Wells.csv,False,38.09825219948408,36.78499201150674,2.425560569785653,24.304520347717425,0.0996346439403083,94.03659168891471,0.8457307425319718,0.055856685442616516,,,,,3
96426_3,96426,EIF,A23,HEX,Unkn-12,Unk,25.2701729421293,38.4639544402893,,P15,20220216_SOD1_EIFATP_P15_All Wells.csv,False,38.46395444029063,37.723375616759824,1.589544708392584,25.301912263708573,0.06662699080759812,88.43220810680386,0.8772002842153551,0.037029025018684346,,,,,3
96426_3,96426,SOD1,A23,FAM,Unkn-12,Unk,23.116486226675,38.6720551952514,,P15,20220216_SOD1_EIFATP_P15_All Wells.csv,False,38.67205519525186,38.08212386169374,1.8427211579288156,23.141645824473173,0.07633174113668864,90.94998848889404,0.8852642573535524,0.04370950469645565,0.861321802649108,0.033756561450563716,1.0277973396595863,0.06479056925678095,3
96426_30,96426,ATP,A19,Cy5,Unkn-10,Unk,24.0081712417144,44.6966586681466,,P15,20220216_SOD1_EIFATP_P15_All Wells.csv,False,44.69665866814683,42.82663325190756,1.5448575309747954,24.073378121918978,0.05421547457349743,94.03659168891471,0.9857667887355176,0.035426652410919274,,,,,30
96426_30,96426,EIF,A19,HEX,Unkn-10,Unk,24.9780412027134,46.284489762846,,P15,20220216_SOD1_EIFATP_P15_All Wells.csv,False,46.2844897628463,42.8444425740979,2.482196387178163,25.101883891056925,0.08997334226752121,88.43220810680386,0.9957208428724925,0.05676031098320689,,,,,30
96426_30,96426,SOD1,A19,FAM,Unkn-10,Unk,22.8333980355995,46.4432159423547,,P15,20220216_SOD1_EIFATP_P15_All Wells.csv,False,46.44321594235355,42.06575222214471,3.542572058625847,22.990534634920326,0.12970421033175764,90.94998848889404,0.976164546371383,0.08189830071758775,0.9907313146133213,0.033381307171371076,0.9852969538490628,0.089081642138878,30
96426_300,96426,ATP,A15,Cy5,Unkn-08,Unk,24.4502720951057,33.3427530997568,,P15,20220216_SOD1_EIFATP_P15_All Wells.csv,False,33.34275309975603,34.41858718546153,1.3666211779121753,24.40325280878015,0.059677513923407324,94.03659168891471,0.7921522453753347,0.03133661273693645,,,,,300
96426_300,96426,EIF,A15,HEX,Unkn-08,Unk,25.6047329751781,31.1170214851431,,P15,20220216_SOD1_EIFATP_P15_All Wells.csv,False,31.11702148514299,31.621138180588375,1.2006718811060788,25.5802014104281,0.058909113123490835,88.43220810680386,0.7354041483038459,0.027447441892625442,,,,,300
96426_300,96426,SOD1,A15,FAM,Unkn-08,Unk,23.2063316063709,36.4886605686835,,P15,20220216_SOD1_EIFATP_P15_All Wells.csv,False,36.48866056868318,36.33732501151398,0.8377526343740259,23.213066923207926,0.03581229727936265,90.94998848889404,0.8452970255763459,0.019581200224372763,0.7632509727063748,0.02075531263857331,1.107495510394239,0.039562353442425556,300
96427_10,96427,ATP,C21,Cy5,Unkn-23,Unk,25.081992640437,21.9350913828968,,P15,20220216_SOD1_EIFATP_P15_All Wells.csv,False,21.93509138289749,21.162421221286362,0.7458724949807413,25.13671459135753,0.05308806348401265,94.03659168891471,0.4871436116410479,0.01714298975185163,,,,,10
96427_10,96427,EIF,C21,HEX,Unkn-23,Unk,26.0806465724105,23.0169592335662,,P15,20220216_SOD1_EIFATP_P15_All Wells.csv,False,23.016959233566908,22.18772722501434,0.7428409969191414,26.13914445830137,0.05249935782837195,88.43220810680386,0.516095442822776,0.017166324975702744,,,,,10
96427_10,96427,SOD1,C21,FAM,Unkn-23,Unk,24.1634642396447,19.6462908892156,,P15,20220216_SOD1_EIFATP_P15_All Wells.csv,False,19.646290889215145,18.778128822277043,0.8008514662429381,24.234266219766468,0.06557562190368187,90.94998848889404,0.43665094618502703,0.018521434074530756,0.5014106081528122,0.01213980744980687,0.8708450501149972,0.04253248159375514,10
96427_100,96427,ATP,C17,Cy5,Unkn-21,Unk,24.046765439527,43.5676786081718,,P15,20220216_SOD1_EIFATP_P15_All Wells.csv,False,43.5676786081709,42.68825069332874,1.6559814092843712,24.078392357780775,0.05918799306610607,94.03659168891471,0.9824957171171936,0.038547565081189304,,,,,100
96427_100,96427,EIF,C17,HEX,Unkn-21,Unk,25.1302323642746,42.0299913374059,,P15,20220216_SOD1_EIFATP_P15_All Wells.csv,False,42.02999133740642,40.55594952923934,1.5669500740795845,25.1874676851484,0.06112167363155048,88.43220810680386,0.9431673918029962,0.036523915516262245,,,,,100
96427_100,96427,SOD1,C17,FAM,Unkn-21,Unk,23.5917005853299,28.4380758354875,,P15,20220216_SOD1_EIFATP_P15_All Wells.csv,False,28.438075835487773,27.550937658481555,1.211992235156505,23.641844393620374,0.06919948754445476,90.94998848889404,0.6405563335178557,0.028672000429150243,0.9626307303275945,0.026533265240842905,0.6654226936011765,0.034979277745363954,100
96427_1000,96427,ATP,C13,Cy5,Unkn-19,Unk,24.9399312466004,24.1010852470534,,P15,20220216_SOD1_EIFATP_P15_All Wells.csv,False,24.10108524705373,24.470759654818888,0.693025414107505,24.917420615698074,0.04267153587775026,94.03659168891471,0.5633627906310297,0.015935258169683244,,,,,1000
96427_1000,96427,EIF,C13,HEX,Unkn-19,Unk,25.213734394769,39.8642215512977,,P15,20220216_SOD1_EIFATP_P15_All Wells.csv,False,39.86422155129917,40.311186480614246,1.433268139609263,25.19687172250185,0.055413782587476756,88.43220810680386,0.9375646153435617,0.03291639909060353,,,,,1000
96427_1000,96427,SOD1,C13,FAM,Unkn-19,Unk,25.9996820487924,5.99033252035092,,P15,20220216_SOD1_EIFATP_P15_All Wells.csv,False,5.990332520350867,6.274998014117992,0.2966461477211264,25.929195577215825,0.07273064807068622,90.94998848889404,0.14587990322564406,0.0068629480343006255,0.7267661371423801,0.016383281023434074,0.20072468400803442,0.010471258713320067,1000
96427_3,96427,ATP,C23,Cy5,Unkn-24,Unk,24.0172524202987,44.4284063774666,,P15,20220216_SOD1_EIFATP_P15_All Wells.csv,False,44.42840637746706,42.99697447585676,1.8187690573357143,24.067669982746224,0.06383375870755306,94.03659168891471,0.9895037905168166,0.041869767573739995,,,,,3
96427_3,96427,EIF,C23,HEX,Unkn-24,Unk,25.0452331451714,44.3554788670439,,P15,20220216_SOD1_EIFATP_P15_All Wells.csv,False,44.355478867044575,43.249644350002484,1.9208970468442386,25.086267692510773,0.07089767468459897,88.43220810680386,1.0056213272911962,0.04517100791200376,,,,,3
96427_3,96427,SOD1,C23,FAM,Unkn-24,Unk,22.9274236835951,43.7027367114463,,P15,20220216_SOD1_EIFATP_P15_All Wells.csv,False,43.702736711447294,42.13098170560756,2.7157340726991306,22.986482958385302,0.10044222345955754,90.94998848889404,0.9787262259440092,0.06358802412765996,0.9975300071572739,0.030778847001022406,0.9811496585783408,0.07056887535903987,3
96427_30,96427,ATP,C19,Cy5,Unkn-22,Unk,24.0359181047313,43.882078549088,,P15,20220216_SOD1_EIFATP_P15_All Wells.csv,False,43.882078549086984,43.10864421536051,0.9545244228608305,24.063021917763802,0.03342509984874751,94.03659168891471,0.9925572456730055,0.021991808623587312,,,,,30
96427_30,96427,EIF,C19,HEX,Unkn-22,Unk,25.1136297912615,42.4744323799547,,P15,20220216_SOD1_EIFATP_P15_All Wells.csv,False,42.474432379953996,41.70154373903566,0.7836555318914187,25.142825393273124,0.029798260407627303,88.43220810680386,0.9702247149567548,0.0183170933642332,,,,,30
96427_30,96427,SOD1,C19,FAM,Unkn-22,Unk,23.1765206659409,37.1990972101715,,P15,20220216_SOD1_EIFATP_P15_All Wells.csv,False,37.199097210170216,36.44225371515924,0.9018073014693894,23.208655318260174,0.03835744864979958,90.94998848889404,0.8477126173560154,0.021032754181541345,0.9813274533820775,0.01428282655300051,0.8638427615924046,0.024848526752432973,30
96427_300,96427,ATP,C15,Cy5,Unkn-20,Unk,24.2797777695935,37.3322343250982,,P15,20220216_SOD1_EIFATP_P15_All Wells.csv,False,37.332234325098135,35.622541579174154,2.1130294296174985,24.35249059185005,0.08955940658244194,94.03659168891471,0.8192609773101295,0.048636929170695016,,,,,300
96427_300,96427,EIF,C15,HEX,Unkn-20,Unk,25.0953767296961,42.9684816350417,,P15,20220216_SOD1_EIFATP_P15_All Wells.csv,False,42.96848163504321,41.2826878048473,1.7552134909191175,25.159621864579425,0.06726466223936327,88.43220810680386,0.9599546088197033,0.040910141189255796,,,,,300
96427_300,96427,SOD1,C15,FAM,Unkn-20,Unk,24.7025108532525,13.8628266094016,,P15,20220216_SOD1_EIFATP_P15_All Wells.csv,False,13.86282660940144,13.250410370888929,0.9659526252718751,24.77543751943935,0.11254666033914748,90.94998848889404,0.30768672609907655,0.02239954309787971,0.886822051482141,0.03240423926594841,0.34695430225809265,0.028261271295976415,300
96428_10,96428,ATP,E21,Cy5,Unkn-35,Unk,24.0421085170243,43.7023782992129,,P15,20220216_SOD1_EIFATP_P15_All Wells.csv,False,43.702378299213024,43.94427170529622,1.5324955946008787,24.034460478921076,0.052088870772252556,94.03659168891471,1.0115280606418973,0.03492653866040295,,,,,10
96428_10,96428,EIF,E21,HEX,Unkn-35,Unk,25.0666335535874,43.7581386450665,,P15,20220216_SOD1_EIFATP_P15_All Wells.csv,False,43.758138645065856,43.54091185711302,1.2013948917498718,25.07494424925755,0.04392425707868253,88.43220810680386,1.012861769325239,0.028186939163619706,,,,,10
96428_10,96428,SOD1,E21,FAM,Unkn-35,Unk,23.0976966514312,39.1449383627373,,P15,20220216_SOD1_EIFATP_P15_All Wells.csv,False,39.14493836273644,39.32950683233204,0.8874261551664863,23.090721664847376,0.035059546758370114,90.94998848889404,0.9149103198349944,0.02074830436287619,1.0121946953150267,0.022443979493119395,0.9038876849184095,0.028668458088039472,10
96428_100,96428,ATP,E17,Cy5,Unkn-33,Unk,24.046321717754,43.5804951748641,,P15,20220216_SOD1_EIFATP_P15_All Wells.csv,False,43.58049517486527,44.48852214728283,3.6397522908781075,24.0188838692783,0.12059790277754079,94.03659168891471,1.022026568952172,0.08170236191242661,,,,,100
96428_100,96428,EIF,E17,HEX,Unkn-33,Unk,25.088615977756,43.152927440489,,P15,20220216_SOD1_EIFATP_P15_All Wells.csv,False,43.15292744048973,42.76110762211479,1.9618552627962649,25.10425523578565,0.07227431904125288,88.43220810680386,0.9942259867218115,0.04552630812586286,,,,,100
96428_100,96428,SOD1,E17,FAM,Unkn-33,Unk,23.8437791519654,24.1594135923305,,P15,20220216_SOD1_EIFATP_P15_All Wells.csv,False,24.15941359233012,23.574545021839235,2.24192836726581,23.886800451420598,0.14472884060741228,90.94998848889404,0.5466940697567522,0.05117964068535246,1.008030442978971,0.04643355198669939,0.5423388485581253,0.05658527402989099,100
96428_1000,96428,ATP,E13,Cy5,Unkn-31,Unk,24.4218932197639,33.9759235197858,,P15,20220216_SOD1_EIFATP_P15_All Wells.csv,False,33.97592351978673,34.91046394961098,1.655857441621929,24.3822354744558,0.07171844535920283,94.03659168891471,0.803265665848103,0.03818763309389381,,,,,1000
96428_1000,96428,EIF,E13,HEX,Unkn-31,Unk,25.154581478521,41.3865777958793,,P15,20220216_SOD1_EIFATP_P15_All Wells.csv,False,41.38657779587872,42.882357641438446,1.4277485457790113,25.0991994436544,0.05253943369979409,88.43220810680386,0.9974157862083466,0.033201288579083485,,,,,1000
96428_1000,96428,SOD1,E13,FAM,Unkn-31,Unk,25.4805243251672,8.38093610262226,,P15,20220216_SOD1_EIFATP_P15_All Wells.csv,False,8.380936102622135,8.449905914662626,0.48960755666283823,25.469828717673625,0.09055850034033168,90.94998848889404,0.1963544000755943,0.011501848588833763,0.8950920933826064,0.02597364622972518,0.21936781871635053,0.01434017779154194,1000
96428_3,96428,ATP,E23,Cy5,Unkn-36,Unk,24.1939719328925,39.5171922236731,,P15,20220216_SOD1_EIFATP_P15_All Wells.csv,False,39.51719222367235,38.03703671023774,2.378334333721067,24.25377483411545,0.09433638251428542,94.03659168891471,0.8746633328160058,0.054695652707734424,,,,,3
96428_3,96428,EIF,E23,HEX,Unkn-36,Unk,25.1498704325091,41.5102916886365,,P15,20220216_SOD1_EIFATP_P15_All Wells.csv,False,41.51029168863641,38.3954331746283,2.394465477076728,25.275254599076277,0.09731851380070933,88.43220810680386,0.8921415309207534,0.05500758006975562,,,,,3
96428_3,96428,SOD1,E23,FAM,Unkn-36,Unk,23.0408386748425,40.6114163145401,,P15,20220216_SOD1_EIFATP_P15_All Wells.csv,False,40.61141631453885,37.73378586220805,2.1599465111944074,23.1563282634099,0.0874861417954698,90.94998848889404,0.8768965157788161,0.04962327181383618,0.8833592048417902,0.03878772057342714,0.9926839625063605,0.07110292026931399,3
96428_30,96428,ATP,E19,Cy5,Unkn-34,Unk,23.9928435534244,45.1531079748601,,P15,20220216_SOD1_EIFATP_P15_All Wells.csv,False,45.153107974860006,42.145107397591445,2.2202028488865637,24.098393859911376,0.07865020372696203,94.03659168891471,0.969555246312269,0.050548128727735744,,,,,30
96428_30,96428,EIF,E19,HEX,Unkn-34,Unk,25.0231585740406,44.9801815439431,,P15,20220216_SOD1_EIFATP_P15_All Wells.csv,False,44.98018154394266,42.6607422813023,2.3428569404403268,25.108547347115625,0.08815796574894894,88.43220810680386,0.9915260160992974,0.05538076986004847,,,,,30
96428_30,96428,SOD1,E19,FAM,Unkn-34,Unk,23.0829763401357,39.5194451105913,,P15,20220216_SOD1_EIFATP_P15_All Wells.csv,False,39.51944511058995,35.94487358574515,2.6142828054665648,23.232551961268225,0.11081750898326469,90.94998848889404,0.8347099894409624,0.0598331381024673,0.9804790924666252,0.03745691745524741,0.8513286982398101,0.0691500069356487,30
96428_300,96428,ATP,E15,Cy5,Unkn-32,Unk,24.1013452996102,42.0195862367924,,P15,20220216_SOD1_EIFATP_P15_All Wells.csv,False,42.0195862367923,42.49993153993728,0.9893910206684962,24.084500834978748,0.03480562387172545,94.03659168891471,0.9785254719614399,0.02257637592977411,,,,,300
96428_300,96428,EIF,E15,HEX,Unkn-32,Unk,25.0557184339108,44.0617955753323,,P15,20220216_SOD1_EIFATP_P15_All Wells.csv,False,44.06179557533242,45.08714747495762,0.7400826096250583,25.019570144318525,0.026040935288341567,88.43220810680386,1.0490269567405432,0.01730758771164982,,,,,300
96428_300,96428,SOD1,E15,FAM,Unkn-32,Unk,24.5889551614168,14.9194157031891,,P15,20220216_SOD1_EIFATP_P15_All Wells.csv,False,14.919415703189252,15.248635805663255,0.6371287882172216,24.556218056778974,0.06431587602648177,90.94998848889404,0.3545616930872678,0.014750535545706149,1.013163164522286,0.01436868247180615,0.34995517553625854,0.015381593628175054,300
96429_10,96429,ATP,G21,Cy5,Unkn-47,Unk,24.1457246491187,40.8014580573705,,P15,20220216_SOD1_EIFATP_P15_All Wells.csv,False,40.80145805737088,39.99332486601389,2.067309759009281,24.177403320704325,0.07749871500371497,94.03659168891471,0.9200830492091954,0.04726658236130046,,,,,10
96429_10,96429,EIF,G21,HEX,Unkn-47,Unk,25.0561605146509,44.0494561117264,,P15,20220216_SOD1_EIFATP_P15_All Wells.csv,False,44.04945611172607,42.63377611014901,1.260761933988928,25.10823615933025,0.04660306152164184,88.43220810680386,0.9917215233117048,0.02928178188515718,,,,,10
96429_10,96429,SOD1,G21,FAM,Unkn-47,Unk,23.1085197534241,38.8718483440664,,P15,20220216_SOD1_EIFATP_P15_All Wells.csv,False,38.871848344065164,37.418983686283546,1.0809082903878424,23.1678895963955,0.044425400135528655,90.94998848889404,0.8703632376037678,0.0250109203802876,0.9552309475383539,0.028300029434016213,0.9111547734573595,0.037606421377504175,10
96429_100,96429,ATP,G17,Cy5,Unkn-45,Unk,24.2711975345259,37.5451714958855,,P15,20220216_SOD1_EIFATP_P15_All Wells.csv,False,37.54517149588586,39.178978367849226,1.5744461764852156,24.207848700642174,0.06043613925398894,94.03659168891471,0.9017004844373676,0.03612365504422011,,,,,100
96429_100,96429,EIF,G17,HEX,Unkn-45,Unk,25.2355340369418,39.317419320784,,P15,20220216_SOD1_EIFATP_P15_All Wells.csv,False,39.31741932078463,40.17738379396904,1.6742113594580053,25.202404845488726,0.06545501800918781,88.43220810680386,0.9342836334392853,0.03874494085376791,,,,,100
96429_100,96429,SOD1,G17,FAM,Unkn-45,Unk,24.549943090339,15.3006919585569,,P15,20220216_SOD1_EIFATP_P15_All Wells.csv,False,15.300691958557042,15.224563438720173,0.5401372786460158,24.558376420200148,0.05442096023189627,90.94998848889404,0.3540670282464643,0.0124637713395179,0.9178474845387482,0.02646171331047938,0.3857580199442349,0.017552376839382215,100
96429_1000,96429,ATP,G13,Cy5,Unkn-43,Unk,24.4691093869077,32.928997447662,,P15,20220216_SOD1_EIFATP_P15_All Wells.csv,False,32.928997447662375,36.21375921626915,2.518451413904492,24.3284460678223,0.10619852556674127,94.03659168891471,0.8324234272765225,0.058599707955720275,,,,,1000
96429_1000,96429,EIF,G13,HEX,Unkn-43,Unk,25.1050076281866,42.7070935389072,,P15,20220216_SOD1_EIFATP_P15_All Wells.csv,False,42.70709353890741,45.50572313131635,2.3231872893866643,25.006368268340474,0.08064254912544855,88.43220810680386,1.0578381181983008,0.05404764487441887,,,,,1000
96429_1000,96429,SOD1,G13,FAM,Unkn-43,Unk,26.3960952325992,4.63543700042358,,P15,20220216_SOD1_EIFATP_P15_All Wells.csv,False,4.635437000423625,4.994849566962202,0.29140262647838455,26.282630280284224,0.0905519539781662,90.94998848889404,0.11606698901576847,0.006798362699765797,0.9383865045141989,0.040812040138514395,0.12368782847730334,0.009023530594434863,1000
96429_3,96429,ATP,G23,Cy5,Unkn-48,Unk,24.4627409547075,33.0683005262503,,P15,20220216_SOD1_EIFATP_P15_All Wells.csv,False,33.068300526251036,32.30839704175665,3.910501871278641,24.506578701872474,0.19047230061413953,94.03659168891471,0.7397122716651021,0.09339579457441692,,,,,3
96429_3,96429,EIF,G23,HEX,Unkn-48,Unk,25.3609978969576,36.3130709883586,,P15,20220216_SOD1_EIFATP_P15_All Wells.csv,False,36.31307098835874,34.98549832010234,2.6557666241655857,25.423301162958623,0.12264655855014493,88.43220810680386,0.8122654569488043,0.06311704608649174,,,,,3
96429_3,96429,SOD1,G23,FAM,Unkn-48,Unk,23.3210591759826,33.8788526793129,,P15,20220216_SOD1_EIFATP_P15_All Wells.csv,False,33.87885267931203,31.921534382904202,2.7029817835760985,23.4174449386411,0.13623397939318826,90.94998848889404,0.740620182884877,0.06526476401833306,0.7751404558882811,0.05745923355510191,0.955465783341362,0.11002525588983235,3
96429_30,96429,ATP,G19,Cy5,Unkn-46,Unk,24.2252411308966,38.7065255465137,,P15,20220216_SOD1_EIFATP_P15_All Wells.csv,False,38.706525546512786,39.16484997296486,2.0648250070102816,24.209014268074,0.07796566287909613,94.03659168891471,0.9010040750541692,0.04656534244244387,,,,,30
96429_30,96429,EIF,G19,HEX,Unkn-46,Unk,25.2629093547358,38.6413726131015,,P15,20220216_SOD1_EIFATP_P15_All Wells.csv,False,38.64137261310122,38.2921699568439,1.3003651937949667,25.277922737969902,0.05373562452890565,88.43220810680386,0.8906346862694008,0.03032181685161989,,,,,30
96429_30,96429,SOD1,G19,FAM,Unkn-46,Unk,23.7929885996279,24.966315373191,,P15,20220216_SOD1_EIFATP_P15_All Wells.csv,False,24.96631537319152,25.362377909614395,1.0911618426724867,23.76970856918335,0.06555827809617758,90.94998848889404,0.5897090217176689,0.025007086517731546,0.8958043769223958,0.027719548404466436,0.6583011167501316,0.03455778774897163,30
96429_300,96429,ATP,G15,Cy5,Unkn-44,Unk,24.0772620985395,42.6957779512805,,P15,20220216_SOD1_EIFATP_P15_All Wells.csv,False,42.695777951281684,42.17213166818688,5.668065563270327,24.10565516107625,0.19610727649501605,94.03659168891471,0.9648996545090305,0.12543205265760854,,,,,300
96429_300,96429,EIF,G15,HEX,Unkn-44,Unk,25.0569454505395,44.0275553073421,,P15,20220216_SOD1_EIFATP_P15_All Wells.csv,False,44.02755530734348,44.89874736153089,5.649113946778004,25.03485352711645,0.18998361764678154,88.43220810680386,1.038918182447779,0.12505204977017745,,,,,300
96429_300,96429,SOD1,G15,FAM,Unkn-44,Unk,25.0603349052222,10.998462760382,,P15,20220216_SOD1_EIFATP_P15_All Wells.csv,False,10.998462760381623,10.405266122920956,1.6017038506081442,25.159538645003426,0.23469466910469966,90.94998848889404,0.2399977732126152,0.0364341149153621,1.0012251471607232,0.08869045018871922,0.23970410041457857,0.04213143109589795,300
c65976_10,c65976,ATP,K21,Cy5,Unkn-71,Unk,24.2301509189023,38.5807567029206,,P15,20220216_SOD1_EIFATP_P15_All Wells.csv,False,38.58075670292093,36.44717916730853,1.7138260047098373,24.317218034163925,0.07068372332023969,94.03659168891471,0.8386421022190037,0.03929422701544588,,,,,10
c65976_10,c65976,EIF,K21,HEX,Unkn-71,Unk,25.2514242881765,38.9235748302778,,P15,20220216_SOD1_EIFATP_P15_All Wells.csv,False,38.92357483027919,38.40133185984516,1.4716564885107621,25.273611678402077,0.0603657992184923,88.43220810680386,0.8930706464415247,0.034156242208801764,,,,,10
c65976_10,c65976,SOD1,K21,FAM,Unkn-71,Unk,23.0482210264928,40.4179505430421,,P15,20220216_SOD1_EIFATP_P15_All Wells.csv,False,40.417950543041385,39.738017963635926,1.0583701347895451,23.074868025145374,0.04172180086092265,90.94998848889404,0.9243408041936546,0.02494554274317802,0.8654285899840638,0.026171513481488898,1.068072877290402,0.04329113267485202,10
c65976_100,c65976,ATP,K17,Cy5,Unkn-69,Unk,24.1095933063825,41.7904748054444,,P15,20220216_SOD1_EIFATP_P15_All Wells.csv,False,41.7904748054452,43.63511317246958,2.6389826163743537,24.046483640642776,0.09064392874207279,94.03659168891471,1.0034983516225124,0.06029593781388655,,,,,100
c65976_100,c65976,EIF,K17,HEX,Unkn-69,Unk,25.0701965215729,43.6594711773314,,P15,20220216_SOD1_EIFATP_P15_All Wells.csv,False,43.65947117733221,45.50621460211491,3.035749099755328,25.0074023258034,0.1041263099207962,88.43220810680386,1.0571453069265517,0.06974104949966409,,,,,100
c65976_100,c65976,SOD1,K17,FAM,Unkn-69,Unk,22.9617378837862,42.7434035667079,,P15,20220216_SOD1_EIFATP_P15_All Wells.csv,False,42.74340356670717,44.9748194378668,3.3199917441152955,22.8861418319423,0.11183880227300814,90.94998848889404,1.0443570879442636,0.07555084264058286,1.029972607852398,0.04595364257545175,1.0139658860655127,0.08618101934844946,100
c65976_1000,c65976,ATP,K13,Cy5,Unkn-67,Unk,24.0365916327607,43.8624910680326,C,P15,20220216_SOD1_EIFATP_P15_All Wells.csv,False,43.862491068033584,43.42670644000682,0.5673139485852463,24.051751961731277,0.01982280526285134,94.03659168891471,1.0,0.013140073204868779,,,,,1000
c65976_1000,c65976,EIF,K13,HEX,Unkn-67,Unk,25.0804468679037,43.3768524930152,C,P15,20220216_SOD1_EIFATP_P15_All Wells.csv,False,43.376852493014276,42.97645928013132,0.3144041330459045,25.095115338781824,0.011532441316659387,88.43220810680386,1.0000000000000022,0.00730658713544931,,,,,1000
c65976_1000,c65976,SOD1,K13,FAM,Unkn-67,Unk,22.9522272388426,43.0071662817987,C,P15,20220216_SOD1_EIFATP_P15_All Wells.csv,False,43.00716628179703,42.98543697599584,0.8581262438509041,22.9532393792342,0.030842775089404507,90.94998848889404,1.0,0.019950382813243555,1.000000000000001,0.007517442041632647,0.9999999999999989,0.021319702372319102,1000
c65976_3,c65976,ATP,K23,Cy5,Unkn-72,Unk,24.6325506012627,29.5478888810972,,P15,20220216_SOD1_EIFATP_P15_All Wells.csv,False,29.547888881097837,28.065372972505205,1.9650624487876727,24.713064015080448,0.10803911395751037,94.03659168891471,0.6450881743527308,0.04619902015286435,,,,,3
c65976_3,c65976,EIF,K23,HEX,Unkn-72,Unk,25.5686101248731,31.8373863422304,,P15,20220216_SOD1_EIFATP_P15_All Wells.csv,False,31.83738634222984,30.45161659835398,1.3947510940094978,25.640104339289202,0.07281392788310716,88.43220810680386,0.708016659553384,0.03266263746686865,,,,,3
c65976_3,c65976,SOD1,K23,FAM,Unkn-72,Unk,23.3699180398252,32.8248900520933,,P15,20220216_SOD1_EIFATP_P15_All Wells.csv,False,32.82489005209288,31.336909521481275,1.6384040402769504,23.443251176577327,0.08197146793361047,90.94998848889404,0.7283599610202831,0.03861949254984773,0.6758203713433114,0.028786204141601726,1.0777419443165646,0.07329974397166236,3
c65976_30,c65976,ATP,K19,Cy5,Unkn-70,Unk,24.1284363979193,41.2717313294238,,P15,20220216_SOD1_EIFATP_P15_All Wells.csv,False,41.27173132942493,45.244208330679726,3.32369239203122,23.992863418673775,0.11104202235492477,94.03659168891471,1.03980774508191,0.07653729002205892,,,,,30
c65976_30,c65976,EIF,K19,HEX,Unkn-70,Unk,25.0776671067912,43.4533137290036,,P15,20220216_SOD1_EIFATP_P15_All Wells.csv,False,43.45331372900376,45.693841722896515,3.0222732439707083,25.000810838358873,0.10161752176484544,88.43220810680386,1.0615693422533201,0.06834555609000134,,,,,30
c65976_30,c65976,SOD1,K19,FAM,Unkn-70,Unk,23.1273887304898,38.4002918855516,,P15,20220216_SOD1_EIFATP_P15_All Wells.csv,False,38.40029188555061,43.99695401073573,4.447483422789787,22.9230668978966,0.15814250539256147,90.94998848889404,1.0197085070848655,0.10430915900271903,1.0506322020652665,0.05137099037877491,0.9705665837011153,0.11004116354593128,30
c65976_300,c65976,ATP,K15,Cy5,Unkn-68,Unk,24.2326698524156,38.5163905449548,,P15,20220216_SOD1_EIFATP_P15_All Wells.csv,False,38.516390544954284,38.74678434664934,1.9552698837503708,24.225109363127352,0.07597016956542635,94.03659168891471,0.8914423054745692,0.04489200541753916,,,,,300
c65976_300,c65976,EIF,K15,HEX,Unkn-68,Unk,25.210317503352,39.9506144314414,,P15,20220216_SOD1_EIFATP_P15_All Wells.csv,False,39.95061443144277,40.618088498659944,2.2313880208306602,25.1859118299286,0.08527242802511846,88.43220810680386,0.9440975682564781,0.05100571297738267,,,,,300
c65976_300,c65976,SOD1,K15,FAM,Unkn-68,Unk,22.9925059825587,41.9011302649519,,P15,20220216_SOD1_EIFATP_P15_All Wells.csv,False,41.901130264951526,43.84535323019806,3.809455019507007,22.92664881887775,0.13168040504217857,90.94998848889404,1.0173486439762338,0.08665402713816084,0.9173922350006507,0.033877775854726816,1.108957112521791,0.1029522619314921,300
c82195_10,c82195,ATP,I21,Cy5,Unkn-59,Unk,24.1109599478388,41.752633347161,,P15,20220216_SOD1_EIFATP_P15_All Wells.csv,False,41.75263334716213,41.09412176591456,2.819747568783024,24.137558613846224,0.10212662447258879,94.03659168891471,0.9447081648671791,0.06395423622881864,,,,,10
c82195_10,c82195,EIF,I21,HEX,Unkn-59,Unk,25.0737575011835,43.5610810655991,,P15,20220216_SOD1_EIFATP_P15_All Wells.csv,False,43.56108106559973,42.331730674545135,2.589291502575891,25.12116715660455,0.0969082225826221,88.43220810680386,0.9836298698912083,0.060392867558107445,,,,,10
c82195_10,c82195,SOD1,I21,FAM,Unkn-59,Unk,22.9441711981037,43.231860713357,,P15,20220216_SOD1_EIFATP_P15_All Wells.csv,False,43.231860713356944,41.34468223251401,2.1710234474764523,23.0147744518149,0.0812417822869424,90.94998848889404,0.9609783196239357,0.05049993495267996,0.9639725977917969,0.04405006786767729,0.9968938140205227,0.06942361581342762,10
c82195_100,c82195,ATP,I17,Cy5,Unkn-57,Unk,24.2663048919807,37.6671363487877,,P15,20220216_SOD1_EIFATP_P15_All Wells.csv,False,37.66713634878723,37.6061637072403,1.771760323987202,24.26998186046025,0.07010844763210768,94.03659168891471,0.8653168944025418,0.04021408615762961,,,,,100
c82195_100,c82195,EIF,I17,HEX,Unkn-57,Unk,25.2779293175126,38.2753988559485,,P15,20220216_SOD1_EIFATP_P15_All Wells.csv,False,38.27539885594952,39.16903043612803,2.4366117681271207,25.243707555130825,0.0954250834653874,88.43220810680386,0.9101523364484351,0.05502625435235287,,,,,100
c82195_100,c82195,SOD1,I17,FAM,Unkn-57,Unk,23.0100850966012,41.427375393504,,P15,20220216_SOD1_EIFATP_P15_All Wells.csv,False,41.427375393504576,42.01745804905963,2.8693305542558307,22.9908285885805,0.10277410442744346,90.94998848889404,0.9759789547349942,0.06488165816883955,0.8874515159763812,0.033836722546284316,1.0997546763568424,0.08428124414491575,100
c82195_1000,c82195,ATP,I13,Cy5,Unkn-55,Unk,24.0838828846235,42.5088068448397,,P15,20220216_SOD1_EIFATP_P15_All Wells.csv,False,42.508806844838375,44.51312809502777,1.5560017130697665,24.015074580084924,0.05301518211534064,94.03659168891471,1.024610537554524,0.036007398559727476,,,,,1000
c82195_1000,c82195,EIF,I13,HEX,Unkn-55,Unk,25.0564663747919,44.0409208926928,,P15,20220216_SOD1_EIFATP_P15_All Wells.csv,False,44.040920892693386,44.834086196743826,0.5458132378856674,25.028381744896798,0.019312632221712433,88.43220810680386,1.043186819525714,0.012764296265972483,,,,,1000
c82195_1000,c82195,SOD1,I13,FAM,Unkn-55,Unk,22.8405489497037,46.2288885877279,,P15,20220216_SOD1_EIFATP_P15_All Wells.csv,False,46.22888858772657,47.65636137229769,1.018662603179989,22.793801274518426,0.03327088481142761,90.94998848889404,1.1086368101957533,0.023858955748078635,1.0338569571870355,0.019235806333180016,1.072330947225216,0.030506470059165305,1000
c82195_3,c82195,ATP,I23,Cy5,Unkn-60,Unk,24.6401032699377,29.4003274463447,,P15,20220216_SOD1_EIFATP_P15_All Wells.csv,False,29.400327446344765,26.281572285149867,2.5991776148235504,24.81487238839545,0.15060400076181601,94.03659168891471,0.6029900081434021,0.060197616360302526,,,,,3
c82195_3,c82195,EIF,I23,HEX,Unkn-60,Unk,25.4986945322929,33.279365848616,,P15,20220216_SOD1_EIFATP_P15_All Wells.csv,False,33.27936584861664,30.09090444407635,2.618221224622137,25.66217046835445,0.13807235043693553,88.43220810680386,0.6981871765127307,0.06107618479733535,,,,,3
c82195_3,c82195,SOD1,I23,FAM,Unkn-60,Unk,23.2983000659984,34.3812906092591,,P15,20220216_SOD1_EIFATP_P15_All Wells.csv,False,34.38129060925922,31.460083147038873,2.5576822885664834,23.439470715044152,0.12735709799340642,90.94998848889404,0.7301432420312635,0.06014908302787042,0.6488450440983813,0.04306254502281361,1.1252967849139575,0.11904315070485195,3
c82195_30,c82195,ATP,I19,Cy5,Unkn-58,Unk,24.0963359766171,42.1593468275232,,P15,20220216_SOD1_EIFATP_P15_All Wells.csv,False,42.15934682752409,40.8923773778628,1.8286296373512538,24.14352096716115,0.06848233022329735,94.03659168891471,0.9409817594933741,0.042716179676997784,,,,,30
c82195_30,c82195,EIF,I19,HEX,Unkn-58,Unk,25.0972390069054,42.9178139026725,,P15,20220216_SOD1_EIFATP_P15_All Wells.csv,False,42.917813902671654,41.77370585581966,1.2827124528160292,25.14044800324785,0.048709458520838037,88.43220810680386,0.9716872059519591,0.02998700560028411,,,,,30
c82195_30,c82195,SOD1,I19,FAM,Unkn-58,Unk,22.8637339031306,45.5407673174861,,P15,20220216_SOD1_EIFATP_P15_All Wells.csv,False,45.54076731748703,42.89496662653568,1.8943589208459177,22.957376284517824,0.06735894312260013,90.94998848889404,0.9973276556160158,0.043454115359106225,0.9562112406439672,0.026244134674245346,1.0429993010167486,0.053708626724169733,30
c82195_300,c82195,ATP,I15,Cy5,Unkn-56,Unk,23.9617270749495,46.0941248711084,,P15,20220216_SOD1_EIFATP_P15_All Wells.csv,False,46.09412487110839,47.2042508836789,4.797279649136181,23.9317223573223,0.15441398066515694,94.03659168891471,1.0828157375081597,0.11083421462556942,,,,,300
c82195_300,c82195,EIF,I15,HEX,Unkn-56,Unk,25.0083581522675,45.4039478351446,,P15,20220216_SOD1_EIFATP_P15_All Wells.csv,False,45.403947835144294,46.989473106363846,3.778268225478244,24.957950573469926,0.12548263777059088,88.43220810680386,1.0907911101907044,0.08671985515075904,,,,,300
c82195_300,c82195,SOD1,I15,FAM,Unkn-56,Unk,22.7892839699189,47.7875529189801,,P15,20220216_SOD1_EIFATP_P15_All Wells.csv,False,47.787552918981284,49.44263038243173,5.6890770500260235,22.744540308805398,0.1816688487345421,90.94998848889404,1.144531281536172,0.1344949313352539,1.0867961080388961,0.07042735505350653,1.0531241997189866,0.1413236632732605,300
